epoch_40	freq	epoch_40	freq
orig	orig	gen	gen
40.0	64.0	28.88888888888889	30.22222222222222
37.5	68.75	59.72222222222222	61.80555555555556
